{"type": "SampleSet", "version": {"sampleset_schema": "3.2.0"}, "num_variables": 12, "num_rows": 29, "sample_data": {"type": "array", "data": [[3724], [3745], [3857], [3682], [3850], [3668], [3240], [2693], [1557], [1578], [3408], [2882], [3296], [2756], [3352], [1571], [2819], [1564], [3464], [2945], [1550], [2630], [3184], [1585], [3717], [3864], [3336], [519], [2883]], "data_type": "uint32", "shape": [29, 1], "use_bytes": false}, "sample_type": "int8", "sample_packed": true, "vectors": {"energy": {"type": "array", "data": [0.25000000000000044, 0.25, 0.25, 0.25000000000000044, 0.25000000000000044, 0.25, 0.2999999999999994, 0.30000000000000004, 0.30000000000000004, 0.2999999999999994, 0.30000000000000027, 0.30000000000000027, 0.5000000000000004, 0.5, 0.5, 0.5, 0.5, 0.5, 0.7800000000000007, 0.7799999999999994, 0.7800000000000007, 0.7800000000000007, 0.7799999999999998, 0.7799999999999998, 1.4500000000000004, 1.65, 2.220000000000001, 2.2299999999999995, 2.700000000000001], "data_type": "float64", "shape": [29], "use_bytes": false}, "num_occurrences": {"type": "array", "data": [70, 51, 37, 59, 79, 49, 42, 93, 40, 54, 41, 55, 26, 53, 35, 25, 59, 23, 13, 17, 22, 29, 17, 6, 1, 1, 1, 1, 1], "data_type": "int64", "shape": [29], "use_bytes": false}, "chain_break_fraction": {"type": "array", "data": [0, 0, 0, 0, 0, 0, 0, 0, 0, 0, 0, 0, 0, 0, 0, 0, 0, 0, 0, 0, 0, 0, 0, 0, 0, 0, 0, 0, 0], "data_type": "float64", "shape": [29], "use_bytes": false}}, "variable_labels": ["x[0][0]", "x[0][1]", "x[0][2]", "x[1][0]", "x[1][1]", "x[1][2]", "x[2][0]", "x[2][1]", "x[2][2]", "y[0]", "y[1]", "y[2]"], "variable_type": "BINARY", "info": {"timing": {"qpu_sampling_time": 114100.0, "qpu_anneal_time_per_sample": 20.0, "qpu_readout_time_per_sample": 73.56, "qpu_access_time": 129860.77, "qpu_access_overhead_time": 981.23, "qpu_programming_time": 15760.77, "qpu_delay_time_per_sample": 20.54, "total_post_processing_time": 356.0, "post_processing_overhead_time": 356.0}, "problem_id": "4fadf887-6f57-4b77-ba1e-4c540e7fa03d", "embedding_context": {"embedding": {"x[2][0]": [569, 5507], "x[2][1]": [554], "x[1][0]": [5477], "y[1]": [478], "x[1][1]": [5462], "x[0][1]": [433, 5492], "x[1][2]": [463, 464], "y[2]": [5597], "x[2][2]": [5582], "y[0]": [5536], "x[0][2]": [494, 5521], "x[0][0]": [404]}, "chain_break_method": "majority_vote", "embedding_parameters": {}, "chain_strength": 2.361083634096852}}}