,index,instance_name,seed,c,w,n,wmin,wmax,lb,gurobi_n_bins,gurobi_bin_for_item,gurobi_runtime,bin_filling,AL_QA_min_eigenvalue,AL_QA_eigenval_prob,AL_QA_yi,AL_QA_xij,AL_QA_runtime,AL_QA_assignment,AL_QA_real_weights_sum,AL_QA_placed_weights_sum,AL_QA_used_items,AL_QA_feasible,AL_QA_reason,AL_QA_penalties_dict_delta,AL_QA_penalties_dict_theta,AL_QA_penalties_dict_lmbd,AL_QA_penalties_dict_rho,AL_QA_penalties_dict_gamma,AL_QA_runtime_metrics_qpu_sampling_time,AL_QA_runtime_metrics_qpu_anneal_time_per_sample,AL_QA_runtime_metrics_qpu_readout_time_per_sample,AL_QA_runtime_metrics_qpu_access_time,AL_QA_runtime_metrics_qpu_access_overhead_time,AL_QA_runtime_metrics_qpu_programming_time,AL_QA_runtime_metrics_qpu_delay_time_per_sample,AL_QA_runtime_metrics_total_post_processing_time,AL_QA_runtime_metrics_post_processing_overhead_time,AL_QA_cbf,AL_QA_logiqu,AL_QA_physiqu,AL_QA_qubo_time,AL_QA_chain_strength_sample,AL_QA_chain_strength_method
0,0,bpp_3_10,23,10,"[4, 8, 6]",3,4,8,2,2.000000,"[2, 0, 2]",1304.648000,"{2: 10, 0: 8}",0.133400,0.075000,"['0', '2']","['0', '2']",108400.000000,"[('0', 8), ('2', 10)]",18,18,"[1, 0, 2]",True,[],0.150000,2,0.138900,0.027800,1,108400.000000,20.000000,67.860000,124160.370000,5559.630000,15760.370000,20.540000,324.000000,324.000000,0.000000,12,16,592.470169,2.726130,uniform_torque_compensation
1,8,bpp_3_10,42,10,"[4, 8, 7]",3,4,8,2,3.000000,"[2, 0, 1]",553.062000,"{2: 4, 0: 8, 1: 7}",0.284300,0.083333,"['0', '1', '2']","['0', '1', '2']",120920.000000,"[('0', 7), ('1', 4), ('2', 8)]",19,19,"[2, 0, 1]",True,[],0.150000,2,0.138900,0.027800,1,120920.000000,20.000000,80.380000,136680.370000,2043.630000,15760.370000,20.540000,1275.000000,1275.000000,0.000000,12,16,218.153000,2.820148,uniform_torque_compensation
2,16,bpp_3_10,123,10,"[4, 8, 7]",3,4,8,2,3.000000,"[2, 0, 1]",907.175000,"{2: 4, 0: 8, 1: 7}",0.284300,0.071429,"['0', '1', '2']","['0', '1', '2']",116660.000000,"[('0', 8), ('1', 7), ('2', 4)]",19,19,"[1, 2, 0]",True,[],0.150000,2,0.138900,0.027800,1,116660.000000,20.000000,76.120000,132420.770000,1134.230000,15760.770000,20.540000,694.000000,694.000000,0.000000,12,17,243.425369,2.820148,uniform_torque_compensation
3,24,bpp_3_10,90,10,"[7, 6, 4]",3,4,7,2,2.000000,"[1, 0, 0]",566.065000,"{1: 7, 0: 10}",0.133500,0.058824,"['1', '2']","['1', '2']",108420.000000,"[('1', 7), ('2', 10)]",17,17,"[0, 1, 2]",True,[],0.150000,2,0.138900,0.027800,1,108420.000000,20.000000,67.880000,124180.370000,5790.630000,15760.370000,20.540000,1706.000000,1706.000000,0.000000,12,15,239.133835,2.630954,uniform_torque_compensation
4,32,bpp_3_10,510,10,"[5, 7, 6]",3,5,7,2,3.000000,"[2, 0, 1]",593.651000,"{2: 5, 0: 7, 1: 6}",0.250000,0.103448,"['0', '1', '2']","['0', '1', '2']",114100.000000,"[('0', 5), ('1', 6), ('2', 7)]",18,18,"[0, 2, 1]",True,[],0.150000,2,0.100000,0.020000,1,114100.000000,20.000000,73.560000,129860.770000,981.230000,15760.770000,20.540000,356.000000,356.000000,0.000000,12,16,367.879868,2.361084,uniform_torque_compensation
