{"type": "SampleSet", "version": {"sampleset_schema": "3.2.0"}, "num_variables": 12, "num_rows": 28, "sample_data": {"type": "array", "data": [[1585], [1550], [2630], [3184], [2945], [3464], [3857], [3668], [3682], [3850], [3724], [3745], [1557], [2693], [1578], [3408], [3240], [2882], [1564], [3352], [1571], [2756], [2819], [3296], [3969], [3752], [1072], [518]], "data_type": "uint32", "shape": [28, 1], "use_bytes": false}, "sample_type": "int8", "sample_packed": true, "vectors": {"energy": {"type": "array", "data": [0.13349999999999884, 0.13349999999999884, 0.13349999999999973, 0.13349999999999795, 0.13349999999999884, 0.13349999999999795, 0.34009999999999874, 0.3400999999999974, 0.34009999999999696, 0.34009999999999874, 0.3400999999999974, 0.34009999999999696, 0.3558999999999988, 0.3558999999999988, 0.3558999999999992, 0.3558999999999979, 0.35589999999999833, 0.3559000000000001, 1.1342999999999992, 1.1342999999999992, 1.1342999999999979, 1.1343, 1.1342999999999979, 1.1343000000000014, 1.6744999999999992, 1.896899999999998, 2.1499999999999995, 2.149999999999999], "data_type": "float64", "shape": [28], "use_bytes": false}, "num_occurrences": {"type": "array", "data": [92, 78, 60, 38, 98, 84, 41, 18, 45, 74, 26, 41, 39, 25, 65, 32, 36, 72, 5, 4, 8, 5, 2, 7, 2, 1, 1, 1], "data_type": "int64", "shape": [28], "use_bytes": false}, "chain_break_fraction": {"type": "array", "data": [0, 0, 0, 0, 0, 0, 0, 0, 0, 0, 0, 0, 0, 0, 0, 0, 0, 0, 0, 0, 0, 0, 0, 0, 0, 0, 0, 0], "data_type": "float64", "shape": [28], "use_bytes": false}}, "variable_labels": ["x[0][0]", "x[0][1]", "x[0][2]", "x[1][0]", "x[1][1]", "x[1][2]", "x[2][0]", "x[2][1]", "x[2][2]", "y[0]", "y[1]", "y[2]"], "variable_type": "BINARY", "info": {"timing": {"qpu_sampling_time": 126420.0, "qpu_anneal_time_per_sample": 20.0, "qpu_readout_time_per_sample": 85.88, "qpu_access_time": 142184.77, "qpu_access_overhead_time": 1211.23, "qpu_programming_time": 15764.77, "qpu_delay_time_per_sample": 20.54, "total_post_processing_time": 315.0, "post_processing_overhead_time": 315.0}, "problem_id": "1d192750-f88d-4388-8eba-d8b05fea131c", "embedding_context": {"embedding": {"x[2][0]": [5589], "x[2][1]": [5604], "x[1][0]": [1799, 5619], "y[1]": [5664], "x[1][1]": [1769, 5634], "x[0][1]": [1874], "x[1][2]": [1739], "y[2]": [1754], "x[2][2]": [5573, 1724], "y[0]": [5695], "x[0][2]": [5679, 5680], "x[0][0]": [1889]}, "chain_break_method": "majority_vote", "embedding_parameters": {}, "chain_strength": 2.41725}}}