,index,instance_name,seed,c,w,n,wmin,wmax,lb,gurobi_n_bins,gurobi_bin_for_item,gurobi_runtime,bin_filling,AL_QA_min_eigenvalue,AL_QA_eigenval_prob,AL_QA_yi,AL_QA_xij,AL_QA_runtime,AL_QA_assignment,AL_QA_real_weights_sum,AL_QA_placed_weights_sum,AL_QA_used_items,AL_QA_feasible,AL_QA_reason,AL_QA_penalties_dict_delta,AL_QA_penalties_dict_theta,AL_QA_penalties_dict_lmbd,AL_QA_penalties_dict_rho,AL_QA_penalties_dict_gamma,AL_QA_runtime_metrics_qpu_sampling_time,AL_QA_runtime_metrics_qpu_anneal_time_per_sample,AL_QA_runtime_metrics_qpu_readout_time_per_sample,AL_QA_runtime_metrics_qpu_access_time,AL_QA_runtime_metrics_qpu_access_overhead_time,AL_QA_runtime_metrics_qpu_programming_time,AL_QA_runtime_metrics_qpu_delay_time_per_sample,AL_QA_runtime_metrics_total_post_processing_time,AL_QA_runtime_metrics_post_processing_overhead_time,AL_QA_cbf,AL_QA_logiqu,AL_QA_physiqu,AL_QA_qubo_time,AL_QA_chain_strength_sample,AL_QA_chain_strength_method
0,0,bpp_3_10,23,10,"[4, 8, 6]",3,4,8,2,2.000000,"[2, 0, 2]",522.522000,"{2: 10, 0: 8}",0.133400,0.083333,"['0', '1']","['0', '1']",106500.000000,"[('0', 8), ('1', 10)]",18,18,"[1, 0, 2]",True,[],0.150000,2,0.138900,0.027800,1,106500.000000,20.000000,65.960000,122259.170000,3693.830000,15759.170000,20.540000,798.000000,798.000000,0.000000,12,15,254.154205,2.726130,uniform_torque_compensation
1,8,bpp_3_10,42,10,"[4, 8, 7]",3,4,8,2,3.000000,"[2, 0, 1]",464.125000,"{2: 4, 0: 8, 1: 7}",0.284300,0.069767,"['0', '2', '1']","['0', '2', '1']",101700.000000,"[('0', 8), ('1', 7), ('2', 4)]",19,19,"[1, 2, 0]",True,[],0.150000,2,0.138900,0.027800,1,101700.000000,20.000000,61.160000,117458.770000,2255.230000,15758.770000,20.540000,497.000000,497.000000,0.000000,12,16,226.974487,2.820148,uniform_torque_compensation
2,16,bpp_3_10,123,10,"[4, 8, 7]",3,4,8,2,3.000000,"[2, 0, 1]",481.710000,"{2: 4, 0: 8, 1: 7}",0.284300,0.075000,"['0', '2', '1']","['0', '2', '1']",114900.000000,"[('0', 7), ('1', 4), ('2', 8)]",19,19,"[2, 0, 1]",True,[],0.150000,2,0.138900,0.027800,1,114900.000000,20.000000,74.360000,130658.370000,745.630000,15758.370000,20.540000,2012.000000,2012.000000,0.000000,12,15,372.409821,2.820148,uniform_torque_compensation
3,24,bpp_3_10,90,10,"[7, 6, 4]",3,4,7,2,2.000000,"[1, 0, 0]",442.352000,"{1: 7, 0: 10}",0.133500,0.051282,"['2', '1']","['2', '1']",128980.000000,"[('1', 7), ('2', 10)]",17,17,"[0, 1, 2]",True,[],0.150000,2,0.138900,0.027800,1,128980.000000,20.000000,88.440000,144740.370000,782.630000,15760.370000,20.540000,2946.000000,2946.000000,0.000000,12,15,328.302383,2.630954,uniform_torque_compensation
4,32,bpp_3_10,510,10,"[5, 7, 6]",3,5,7,2,3.000000,"[2, 0, 1]",460.300000,"{2: 5, 0: 7, 1: 6}",0.250000,0.081081,"['0', '2', '1']","['0', '2', '1']",121860.000000,"[('0', 5), ('1', 7), ('2', 6)]",18,18,"[0, 1, 2]",True,[],0.150000,2,0.100000,0.020000,1,121860.000000,20.000000,81.320000,137618.770000,531.230000,15758.770000,20.540000,1102.000000,1102.000000,0.000000,12,16,216.245651,2.361084,uniform_torque_compensation
