{"type": "SampleSet", "version": {"sampleset_schema": "3.2.0"}, "num_variables": 12, "num_rows": 31, "sample_data": {"type": "array", "data": [[3724], [3850], [3682], [3745], [3668], [3857], [3240], [1578], [1557], [2693], [2882], [3408], [3352], [1571], [1564], [2819], [3296], [2756], [1550], [3184], [1585], [2630], [2945], [3464], [3717], [3605], [3906], [3843], [3619], [3861], [3924]], "data_type": "uint32", "shape": [31, 1], "use_bytes": false}, "sample_type": "int8", "sample_packed": true, "vectors": {"energy": {"type": "array", "data": [0.25000000000000044, 0.25000000000000044, 0.25000000000000044, 0.25, 0.25, 0.25, 0.2999999999999994, 0.2999999999999994, 0.30000000000000004, 0.30000000000000004, 0.30000000000000027, 0.30000000000000027, 0.5, 0.5, 0.5, 0.5, 0.5000000000000004, 0.5, 0.7800000000000007, 0.7799999999999998, 0.7799999999999998, 0.7800000000000007, 0.7799999999999994, 0.7800000000000007, 1.4500000000000004, 1.4500000000000004, 1.4500000000000015, 1.6500000000000004, 1.6500000000000004, 2.37, 2.3700000000000006], "data_type": "float64", "shape": [31], "use_bytes": false}, "num_occurrences": {"type": "array", "data": [80, 65, 62, 50, 61, 56, 45, 33, 41, 51, 62, 65, 31, 30, 35, 35, 42, 41, 8, 19, 9, 18, 29, 20, 3, 2, 1, 1, 1, 1, 3], "data_type": "int64", "shape": [31], "use_bytes": false}, "chain_break_fraction": {"type": "array", "data": [0, 0, 0, 0, 0, 0, 0, 0, 0, 0, 0, 0, 0, 0, 0, 0, 0, 0, 0, 0, 0, 0, 0, 0, 0, 0, 0, 0, 0, 0, 0], "data_type": "float64", "shape": [31], "use_bytes": false}}, "variable_labels": ["x[0][0]", "x[0][1]", "x[0][2]", "x[1][0]", "x[1][1]", "x[1][2]", "x[2][0]", "x[2][1]", "x[2][2]", "y[0]", "y[1]", "y[2]"], "variable_type": "BINARY", "info": {"timing": {"qpu_sampling_time": 154480.0, "qpu_anneal_time_per_sample": 20.0, "qpu_readout_time_per_sample": 113.94, "qpu_access_time": 170242.77, "qpu_access_overhead_time": 1239.23, "qpu_programming_time": 15762.77, "qpu_delay_time_per_sample": 20.54, "total_post_processing_time": 2007.0, "post_processing_overhead_time": 2007.0}, "problem_id": "a14820af-089c-4cf0-a6ab-02b865e44083", "embedding_context": {"embedding": {"x[2][0]": [4921], "x[2][1]": [340], "x[1][0]": [386], "y[1]": [371], "x[1][1]": [4906], "x[0][1]": [355], "x[1][2]": [4891], "y[2]": [4861, 280], "x[2][2]": [4771, 325], "y[0]": [4876], "x[0][2]": [4786, 310], "x[0][0]": [295, 4936]}, "chain_break_method": "majority_vote", "embedding_parameters": {}, "chain_strength": 2.361083634096852}}}