,index,instance_name,seed,c,w,n,wmin,wmax,lb,gurobi_n_bins,gurobi_bin_for_item,gurobi_runtime,bin_filling,AL_QA_min_eigenvalue,AL_QA_eigenval_prob,AL_QA_yi,AL_QA_xij,AL_QA_runtime,AL_QA_assignment,AL_QA_real_weights_sum,AL_QA_placed_weights_sum,AL_QA_used_items,AL_QA_feasible,AL_QA_reason,AL_QA_penalties_dict_delta,AL_QA_penalties_dict_theta,AL_QA_penalties_dict_lmbd,AL_QA_penalties_dict_rho,AL_QA_penalties_dict_gamma,AL_QA_runtime_metrics_qpu_sampling_time,AL_QA_runtime_metrics_qpu_anneal_time_per_sample,AL_QA_runtime_metrics_qpu_readout_time_per_sample,AL_QA_runtime_metrics_qpu_access_time,AL_QA_runtime_metrics_qpu_access_overhead_time,AL_QA_runtime_metrics_qpu_programming_time,AL_QA_runtime_metrics_qpu_delay_time_per_sample,AL_QA_runtime_metrics_total_post_processing_time,AL_QA_runtime_metrics_post_processing_overhead_time,AL_QA_cbf,AL_QA_logiqu,AL_QA_physiqu,AL_QA_qubo_time,AL_QA_chain_strength_sample,AL_QA_chain_strength_method
0,0,bpp_3_10,23,10,"[4, 8, 6]",3,4,8,2,2.000000,"[2, 0, 2]",487.341000,"{2: 10, 0: 8}",0.133400,0.063830,"['1', '2']","['1', '2']",121380.000000,"[('1', 10), ('2', 8)]",18,18,"[0, 2, 1]",True,[],0.150000,2,0.138900,0.027800,1,121380.000000,20.000000,80.840000,137143.170000,1811.830000,15763.170000,20.540000,429.000000,429.000000,0.000000,12,15,377.416611,2.726130,uniform_torque_compensation
1,8,bpp_3_10,42,10,"[4, 8, 7]",3,4,8,2,3.000000,"[2, 0, 1]",463.244000,"{2: 4, 0: 8, 1: 7}",0.284300,0.056604,"['0', '1', '2']","['0', '1', '2']",110820.000000,"[('0', 7), ('1', 4), ('2', 8)]",19,19,"[2, 0, 1]",True,[],0.150000,2,0.138900,0.027800,1,110820.000000,20.000000,70.280000,126582.770000,713.230000,15762.770000,20.540000,1991.000000,1991.000000,0.000000,12,16,212.907791,2.820148,uniform_torque_compensation
2,16,bpp_3_10,123,10,"[4, 8, 7]",3,4,8,2,3.000000,"[2, 0, 1]",1411.361000,"{2: 4, 0: 8, 1: 7}",0.284300,0.069767,"['0', '1', '2']","['0', '1', '2']",115360.000000,"[('0', 7), ('1', 4), ('2', 8)]",19,19,"[2, 0, 1]",True,[],0.150000,2,0.138900,0.027800,1,115360.000000,20.000000,74.820000,131122.770000,1311.230000,15762.770000,20.540000,1981.000000,1981.000000,0.000000,12,16,256.538391,2.820148,uniform_torque_compensation
3,24,bpp_3_10,90,10,"[7, 6, 4]",3,4,7,2,2.000000,"[1, 0, 0]",603.157000,"{1: 7, 0: 10}",0.133500,0.044444,"['1', '2']","['1', '2']",112500.000000,"[('1', 7), ('2', 10)]",17,17,"[0, 1, 2]",True,[],0.150000,2,0.138900,0.027800,1,112500.000000,20.000000,71.960000,128263.170000,1215.830000,15763.170000,20.540000,1069.000000,1069.000000,0.000000,12,15,218.391418,2.630954,uniform_torque_compensation
4,32,bpp_3_10,510,10,"[5, 7, 6]",3,5,7,2,3.000000,"[2, 0, 1]",413.189000,"{2: 5, 0: 7, 1: 6}",0.250000,0.096774,"['0', '1', '2']","['0', '1', '2']",154480.000000,"[('0', 5), ('1', 6), ('2', 7)]",18,18,"[0, 2, 1]",True,[],0.150000,2,0.100000,0.020000,1,154480.000000,20.000000,113.940000,170242.770000,1239.230000,15762.770000,20.540000,2007.000000,2007.000000,0.000000,12,16,222.444534,2.361084,uniform_torque_compensation
