{"type": "SampleSet", "version": {"sampleset_schema": "3.2.0"}, "num_variables": 12, "num_rows": 30, "sample_data": {"type": "array", "data": [[3850], [3668], [3857], [3724], [3682], [3745], [2882], [3240], [1557], [3408], [2693], [1578], [3296], [1564], [2819], [2756], [1571], [3352], [3464], [2630], [2945], [1550], [1585], [3184], [3605], [3752], [3626], [2628], [1080], [1543]], "data_type": "uint32", "shape": [30, 1], "use_bytes": false}, "sample_type": "int8", "sample_packed": true, "vectors": {"energy": {"type": "array", "data": [0.25000000000000044, 0.25, 0.25, 0.25000000000000044, 0.25000000000000044, 0.25, 0.30000000000000027, 0.2999999999999994, 0.30000000000000004, 0.30000000000000027, 0.30000000000000004, 0.2999999999999994, 0.5000000000000004, 0.5, 0.5, 0.5, 0.5, 0.5, 0.7800000000000007, 0.7800000000000007, 0.7799999999999994, 0.7800000000000007, 0.7799999999999998, 0.7799999999999998, 1.4500000000000004, 1.4499999999999993, 1.4499999999999997, 2.220000000000001, 2.23, 3.38], "data_type": "float64", "shape": [30], "use_bytes": false}, "num_occurrences": {"type": "array", "data": [58, 26, 27, 56, 68, 41, 63, 154, 24, 86, 21, 83, 21, 50, 19, 25, 15, 85, 17, 13, 9, 10, 8, 10, 1, 3, 2, 1, 3, 1], "data_type": "int64", "shape": [30], "use_bytes": false}, "chain_break_fraction": {"type": "array", "data": [0, 0, 0, 0, 0, 0, 0, 0, 0, 0, 0, 0, 0, 0, 0, 0, 0, 0, 0, 0, 0, 0, 0, 0, 0, 0, 0, 0, 0, 0], "data_type": "float64", "shape": [30], "use_bytes": false}}, "variable_labels": ["x[0][0]", "x[0][1]", "x[0][2]", "x[1][0]", "x[1][1]", "x[1][2]", "x[2][0]", "x[2][1]", "x[2][2]", "y[0]", "y[1]", "y[2]"], "variable_type": "BINARY", "info": {"timing": {"qpu_sampling_time": 108180.0, "qpu_anneal_time_per_sample": 20.0, "qpu_readout_time_per_sample": 67.64, "qpu_access_time": 123941.97, "qpu_access_overhead_time": 1778.03, "qpu_programming_time": 15761.97, "qpu_delay_time_per_sample": 20.54, "total_post_processing_time": 338.0, "post_processing_overhead_time": 338.0}, "problem_id": "15f980ca-87a5-4984-b6cc-d08a862d15d9", "embedding_context": {"embedding": {"x[2][0]": [4765], "x[2][1]": [1914, 4809], "x[1][0]": [4764, 1794], "y[1]": [1825], "x[1][1]": [1810], "x[0][1]": [4749, 4750], "x[1][2]": [4734], "y[2]": [1869], "x[2][2]": [1884], "y[0]": [1734], "x[0][2]": [4689, 1779], "x[0][0]": [4719, 1840]}, "chain_break_method": "majority_vote", "embedding_parameters": {}, "chain_strength": 2.361083634096852}}}